-- phpMyAdmin SQL Dump
-- version 5.1.1
-- https://www.phpmyadmin.net/
--
-- Host: 127.0.0.1
-- Generation Time: Jan 12, 2022 at 01:37 PM
-- Server version: 10.4.21-MariaDB
-- PHP Version: 7.3.31

SET SQL_MODE = "NO_AUTO_VALUE_ON_ZERO";
START TRANSACTION;
SET time_zone = "+00:00";


/*!40101 SET @OLD_CHARACTER_SET_CLIENT=@@CHARACTER_SET_CLIENT */;
/*!40101 SET @OLD_CHARACTER_SET_RESULTS=@@CHARACTER_SET_RESULTS */;
/*!40101 SET @OLD_COLLATION_CONNECTION=@@COLLATION_CONNECTION */;
/*!40101 SET NAMES utf8mb4 */;

--
-- Database: `thesis_db`
--

-- --------------------------------------------------------

--
-- Table structure for table `admin_acc`
--

CREATE TABLE `admin_acc` (
  `admin_id` int(11) NOT NULL,
  `admin_user` varchar(1000) NOT NULL,
  `admin_pass` varchar(1000) NOT NULL
) ENGINE=InnoDB DEFAULT CHARSET=latin1;

--
-- Dumping data for table `admin_acc`
--

INSERT INTO `admin_acc` (`admin_id`, `admin_user`, `admin_pass`) VALUES
(1, 'admin@gmail.com', '18124116');

-- --------------------------------------------------------

--
-- Table structure for table `course_tbl`
--

CREATE TABLE `course_tbl` (
  `cou_id` int(11) NOT NULL,
  `cou_name` varchar(1000) NOT NULL,
  `cou_created` timestamp NOT NULL DEFAULT current_timestamp() ON UPDATE current_timestamp()
) ENGINE=InnoDB DEFAULT CHARSET=latin1;

--
-- Dumping data for table `course_tbl`
--

INSERT INTO `course_tbl` (`cou_id`, `cou_name`, `cou_created`) VALUES
(67, 'MODULE 1 PRE TEST 1', '2021-12-06 17:45:29'),
(87, 'MODULE 1 POST TEST 1', '2021-12-06 17:45:46'),
(88, 'MODULE 2 PRE TEST 2', '2021-12-10 14:39:57'),
(89, 'MODULE 2 POST TEST 2', '2021-12-10 14:40:15');

-- --------------------------------------------------------

--
-- Table structure for table `examinee_tbl`
--

CREATE TABLE `examinee_tbl` (
  `exmne_id` int(11) NOT NULL,
  `exmne_fullname` varchar(1000) NOT NULL,
  `exmne_course` varchar(1000) NOT NULL,
  `exmne_gender` varchar(1000) NOT NULL,
  `exmne_birthdate` varchar(1000) NOT NULL,
  `exmne_Academic_level` varchar(1000) NOT NULL,
  `exmne_email` varchar(1000) NOT NULL,
  `exmne_password` varchar(1000) NOT NULL,
  `exmne_status` varchar(1000) NOT NULL DEFAULT 'active'
) ENGINE=InnoDB DEFAULT CHARSET=latin1;

--
-- Dumping data for table `examinee_tbl`
--

INSERT INTO `examinee_tbl` (`exmne_id`, `exmne_fullname`, `exmne_course`, `exmne_gender`, `exmne_birthdate`, `exmne_Academic_level`, `exmne_email`, `exmne_password`, `exmne_status`) VALUES
(7, 'GERYK REYES', '87', 'male', '2021-11-09', 'Grade 1', 'gerky@gmail.com', '123', 'active'),
(8, 'DYLAN SANTOS', '87', 'male', '2021-11-11', 'Grade 1', 'dylan@gmail.com', '123', 'active'),
(9, 'ANDREW TEMPROSA', '87', 'male', '2025-10-04', 'Grade 1', 'andrew@gmail.com', '123', 'active'),
(10, 'CHRIS ANGANAK', '87', 'male', '2012-06-06', 'Grade 1', 'chris@gmail.com', '123', 'active'),
(11, 'TRISTAN TOLENTINO', '87', 'male', '2021-11-07', 'Grade 1', 'tristan@gmail.com', '123', 'active'),
(12, 'FELIX MORENO', '87', 'male', '2021-11-19', 'Grade 1', 'felix@gmail.com', '123', 'active'),
(13, 'RJ NAGBUJOS', '87', 'male', '2021-11-30', 'Grade 1', 'rj@gmail.com', '123', 'active'),
(14, 'CHRISTIAN SOBRADO', '87', 'male', '2021-11-28', 'Grade 1', 'christian@gmail.com', '123', 'active'),
(15, 'MARK ROSARIO', '87', 'male', '2021-10-01', 'Grade 1', 'mark@gmail.com', '123', 'active'),
(16, 'LYNDON OQUINO', '87', 'male', '2021-11-02', 'Grade 1', 'lyndon@gmail.com', '123', 'active'),
(18, 'ELAINE RELOS', '87', 'female', '2021-10-06', 'Grade 1', 'elaine@gmail.com', '123', 'active'),
(19, 'ANGELA MENDOZA', '87', 'female', '2021-10-06', 'Grade 1', 'angela@gmail.com', '123', 'active'),
(20, 'ARBIE TUAZON', '87', 'female', '2021-10-07', 'Grade 1', 'arbie@gmail.com', '123', 'active'),
(21, 'KAYCEE VEGA', '87', 'female', '2021-09-07', 'Grade 1', 'kaycee@gmail.com', '123', 'active'),
(22, 'KIM TALAN', '87', 'female', '2021-10-09', 'Grade 1', 'kim@gmail.com', '123', 'active'),
(23, 'KRIS OCAMPO', '87', 'female', '2021-10-12', 'Grade 1', 'kris@gmail.com', '123', 'active'),
(24, 'LJ BERROYA', '87', 'female', '2021-10-14', 'Grade 1', 'lj@gmail.com', '123', 'active'),
(25, 'TRISHIA SUBA', '87', 'female', '2021-09-09', 'Grade 1', 'trishia@gmail.com', '123', 'active'),
(26, 'ELY VIRUTIAO', '87', 'female', '2021-09-18', 'Grade 1', 'ely@gmail.com', '123', 'active'),
(27, 'TERRY MORANDO', '87', 'female', '2021-08-27', 'Grade 1', 'terry@gmail.com', '123', 'active'),
(28, 'Charmaine Maniego', '67', 'female', '1997-06-10', 'Grade 1', 'charmaine@gmail.com', '123', 'active'),
(29, 'Jesja Nina Maravilla', '67', 'female', '1999-05-04', 'Grade 1', 'jesja@gmail.com', '123', 'active'),
(30, 'Emmanuel Divinaflor', '67', 'male', '1997-06-27', 'Grade 1', 'emmanuel@gmail.com', '123', 'active'),
(31, 'Jehan Poldo', '67', 'male', '1996-01-01', 'Grade 1', 'jehan@gmail.com', '123', 'active'),
(32, 'Daniel Adona', '67', 'male', '1994-09-30', 'Grade 1', 'daniel@gmail.com', '123', 'active'),
(33, 'marco', '67', 'male', '2021-12-02', 'Grade 1', 'marco@gmail.com', '123', 'active'),
(34, 'titan', '67', 'male', '2022-01-04', 'Grade 1', 'titan@gmail.com', '123', 'active');

-- --------------------------------------------------------

--
-- Table structure for table `exam_answers`
--

CREATE TABLE `exam_answers` (
  `exans_id` int(11) NOT NULL,
  `axmne_id` int(11) NOT NULL,
  `exam_id` int(11) NOT NULL,
  `quest_id` int(11) NOT NULL,
  `exans_answer` varchar(1000) NOT NULL,
  `exans_status` varchar(1000) NOT NULL DEFAULT 'new',
  `exans_created` timestamp NOT NULL DEFAULT current_timestamp() ON UPDATE current_timestamp()
) ENGINE=InnoDB DEFAULT CHARSET=latin1;

--
-- Dumping data for table `exam_answers`
--

INSERT INTO `exam_answers` (`exans_id`, `axmne_id`, `exam_id`, `quest_id`, `exans_answer`, `exans_status`, `exans_created`) VALUES
(53, 27, 8, 19, 'word', 'new', '2021-12-10 15:59:20'),
(54, 27, 8, 22, 'water', 'new', '2021-12-10 15:59:20'),
(55, 27, 8, 23, 'needy', 'new', '2021-12-10 15:59:20'),
(56, 27, 8, 18, 'ring', 'new', '2021-12-10 15:59:20'),
(57, 27, 8, 20, 'tag', 'new', '2021-12-10 15:59:20'),
(58, 27, 8, 15, 'hamster', 'new', '2021-12-10 15:59:20'),
(59, 27, 8, 17, 'lend', 'new', '2021-12-10 15:59:20'),
(60, 27, 8, 12, 'two', 'new', '2021-12-10 15:59:20'),
(61, 27, 8, 21, 'turkey', 'new', '2021-12-10 15:59:20'),
(62, 27, 8, 14, 'catch', 'new', '2021-12-10 15:59:20'),
(63, 26, 8, 15, 'mouse', 'new', '2021-12-10 16:01:40'),
(64, 26, 8, 22, 'fish ', 'new', '2021-12-10 16:01:40'),
(65, 26, 8, 17, 'friend', 'new', '2021-12-10 16:01:40'),
(66, 26, 8, 20, 'log', 'new', '2021-12-10 16:01:40'),
(67, 26, 8, 12, 'see', 'new', '2021-12-10 16:01:40'),
(68, 26, 8, 14, 'batch', 'new', '2021-12-10 16:01:40'),
(69, 26, 8, 19, 'word', 'new', '2021-12-10 16:01:40'),
(70, 26, 8, 23, 'sea', 'new', '2021-12-10 16:01:40'),
(71, 26, 8, 21, 'pig', 'new', '2021-12-10 16:01:40'),
(72, 26, 8, 18, 'sand', 'new', '2021-12-10 16:01:40'),
(73, 25, 8, 17, 'friend', 'new', '2021-12-10 16:07:50'),
(74, 25, 8, 15, 'mouse', 'new', '2021-12-10 16:07:50'),
(75, 25, 8, 21, 'hen', 'new', '2021-12-10 16:07:50'),
(76, 25, 8, 20, 'log', 'new', '2021-12-10 16:07:50'),
(77, 25, 8, 93, 'lunch', 'new', '2021-12-10 16:07:50'),
(78, 25, 8, 18, 'bear', 'new', '2021-12-10 16:07:50'),
(79, 25, 8, 23, 'sea', 'new', '2021-12-10 16:07:50'),
(80, 25, 8, 19, 'word', 'new', '2021-12-10 16:07:50'),
(81, 25, 8, 12, 'cat ', 'new', '2021-12-10 16:07:50'),
(82, 25, 8, 22, 'frog', 'new', '2021-12-10 16:07:50'),
(83, 24, 8, 15, 'mouse', 'new', '2021-12-10 16:11:22'),
(84, 24, 8, 93, 'lunch', 'new', '2021-12-10 16:11:22'),
(85, 24, 8, 23, 'needy', 'new', '2021-12-10 16:11:22'),
(86, 24, 8, 12, 'how', 'new', '2021-12-10 16:11:22'),
(87, 24, 8, 21, 'pig', 'new', '2021-12-10 16:11:22'),
(88, 24, 8, 19, 'bird', 'new', '2021-12-10 16:11:22'),
(89, 24, 8, 18, 'sand', 'new', '2021-12-10 16:11:22'),
(90, 24, 8, 20, 'hit', 'new', '2021-12-10 16:11:22'),
(91, 24, 8, 17, 'sent', 'new', '2021-12-10 16:11:22'),
(92, 24, 8, 94, 'frog', 'new', '2021-12-10 16:11:22'),
(93, 23, 8, 20, 'log', 'new', '2021-12-10 16:12:17'),
(94, 23, 8, 12, 'how', 'new', '2021-12-10 16:12:17'),
(95, 23, 8, 21, 'hen', 'new', '2021-12-10 16:12:17'),
(96, 23, 8, 17, 'friend', 'new', '2021-12-10 16:12:17'),
(97, 23, 8, 19, 'heard', 'new', '2021-12-10 16:12:17'),
(98, 23, 8, 93, 'batch', 'new', '2021-12-10 16:12:17'),
(99, 23, 8, 23, 'flea ', 'new', '2021-12-10 16:12:17'),
(100, 23, 8, 94, 'frog', 'new', '2021-12-10 16:12:17'),
(101, 23, 8, 18, 'sand', 'new', '2021-12-10 16:12:17'),
(102, 23, 8, 15, 'rat ', 'new', '2021-12-10 16:12:17'),
(103, 22, 8, 21, 'hen', 'new', '2021-12-10 16:13:51'),
(104, 22, 8, 18, 'ring', 'new', '2021-12-10 16:13:51'),
(105, 22, 8, 94, 'frog', 'new', '2021-12-10 16:13:51'),
(106, 22, 8, 17, 'sent', 'new', '2021-12-10 16:13:51'),
(107, 22, 8, 23, 'flea ', 'new', '2021-12-10 16:13:51'),
(108, 22, 8, 15, 'rat ', 'new', '2021-12-10 16:13:51'),
(109, 22, 8, 19, 'heard', 'new', '2021-12-10 16:13:51'),
(110, 22, 8, 12, 'see', 'new', '2021-12-10 16:13:51'),
(111, 22, 8, 93, 'batch', 'new', '2021-12-10 16:13:51'),
(112, 22, 8, 20, 'hit', 'new', '2021-12-10 16:13:51'),
(113, 21, 8, 93, 'lunch', 'new', '2021-12-10 16:14:55'),
(114, 21, 8, 23, 'needy', 'new', '2021-12-10 16:14:56'),
(115, 21, 8, 94, 'fish', 'new', '2021-12-10 16:14:56'),
(116, 21, 8, 17, 'friend', 'new', '2021-12-10 16:14:56'),
(117, 21, 8, 12, 'how', 'new', '2021-12-10 16:14:56'),
(118, 21, 8, 15, 'rat ', 'new', '2021-12-10 16:14:56'),
(119, 21, 8, 19, 'heard', 'new', '2021-12-10 16:14:56'),
(120, 21, 8, 20, 'hit', 'new', '2021-12-10 16:14:56'),
(121, 21, 8, 18, 'sand', 'new', '2021-12-10 16:14:56'),
(122, 21, 8, 21, 'pig', 'new', '2021-12-10 16:14:56'),
(123, 20, 8, 21, 'hen', 'new', '2021-12-10 16:19:17'),
(124, 20, 8, 18, 'ring', 'new', '2021-12-10 16:19:17'),
(125, 20, 8, 15, 'mouse', 'new', '2021-12-10 16:19:17'),
(126, 20, 8, 94, 'fish', 'new', '2021-12-10 16:19:17'),
(127, 20, 8, 19, 'heard', 'new', '2021-12-10 16:19:17'),
(128, 20, 8, 23, 'flea ', 'new', '2021-12-10 16:19:17'),
(129, 20, 8, 20, 'hit', 'new', '2021-12-10 16:19:17'),
(130, 20, 8, 17, 'sent', 'new', '2021-12-10 16:19:17'),
(131, 20, 8, 93, 'batch', 'new', '2021-12-10 16:19:17'),
(132, 20, 8, 12, 'see', 'new', '2021-12-10 16:19:17'),
(133, 19, 8, 12, 'how', 'new', '2021-12-10 16:20:25'),
(134, 19, 8, 19, 'wind', 'new', '2021-12-10 16:20:25'),
(135, 19, 8, 23, 'needy', 'new', '2021-12-10 16:20:25'),
(136, 19, 8, 15, 'mouse', 'new', '2021-12-10 16:20:25'),
(137, 19, 8, 93, 'lunch', 'new', '2021-12-10 16:20:25'),
(138, 19, 8, 18, 'sand', 'new', '2021-12-10 16:20:25'),
(139, 19, 8, 17, 'sent', 'new', '2021-12-10 16:20:25'),
(140, 19, 8, 21, 'pig', 'new', '2021-12-10 16:20:25'),
(141, 19, 8, 20, 'hit', 'new', '2021-12-10 16:20:25'),
(142, 19, 8, 94, 'frog', 'new', '2021-12-10 16:20:25'),
(143, 18, 8, 17, 'friend', 'new', '2021-12-10 16:21:38'),
(144, 18, 8, 20, 'log', 'new', '2021-12-10 16:21:38'),
(145, 18, 8, 21, 'hen', 'new', '2021-12-10 16:21:38'),
(146, 18, 8, 94, 'fish', 'new', '2021-12-10 16:21:38'),
(147, 18, 8, 15, 'mouse', 'new', '2021-12-10 16:21:38'),
(148, 18, 8, 18, 'ring', 'new', '2021-12-10 16:21:38'),
(149, 18, 8, 93, 'batch', 'new', '2021-12-10 16:21:38'),
(150, 18, 8, 23, 'flea ', 'new', '2021-12-10 16:21:38'),
(151, 18, 8, 19, 'heard', 'new', '2021-12-10 16:21:38'),
(152, 18, 8, 12, 'see', 'new', '2021-12-10 16:21:38'),
(153, 16, 8, 18, 'ring', 'new', '2021-12-10 16:23:32'),
(154, 16, 8, 94, 'fish', 'new', '2021-12-10 16:23:32'),
(155, 16, 8, 21, 'hen', 'new', '2021-12-10 16:23:32'),
(156, 16, 8, 17, 'sent', 'new', '2021-12-10 16:23:32'),
(157, 16, 8, 23, 'flea ', 'new', '2021-12-10 16:23:32'),
(158, 16, 8, 20, 'hit', 'new', '2021-12-10 16:23:32'),
(159, 16, 8, 93, 'batch', 'new', '2021-12-10 16:23:32'),
(160, 16, 8, 15, 'rat ', 'new', '2021-12-10 16:23:32'),
(161, 16, 8, 19, 'heard', 'new', '2021-12-10 16:23:32'),
(162, 16, 8, 12, 'see', 'new', '2021-12-10 16:23:32'),
(163, 15, 8, 12, 'how', 'new', '2021-12-10 16:24:35'),
(164, 15, 8, 15, 'mouse', 'new', '2021-12-10 16:24:35'),
(165, 15, 8, 23, 'needy', 'new', '2021-12-10 16:24:35'),
(166, 15, 8, 93, 'lunch', 'new', '2021-12-10 16:24:35'),
(167, 15, 8, 21, 'hen', 'new', '2021-12-10 16:24:35'),
(168, 15, 8, 94, 'fish', 'new', '2021-12-10 16:24:35'),
(169, 15, 8, 19, 'heard', 'new', '2021-12-10 16:24:35'),
(170, 15, 8, 18, 'sand', 'new', '2021-12-10 16:24:35'),
(171, 15, 8, 17, 'sent', 'new', '2021-12-10 16:24:35'),
(172, 15, 8, 20, 'hit', 'new', '2021-12-10 16:24:35'),
(173, 14, 8, 23, 'needy', 'new', '2021-12-10 16:25:17'),
(174, 14, 8, 94, 'fish', 'new', '2021-12-10 16:25:17'),
(175, 14, 8, 93, 'lunch', 'new', '2021-12-10 16:25:17'),
(176, 14, 8, 20, 'log', 'new', '2021-12-10 16:25:17'),
(177, 14, 8, 21, 'pig', 'new', '2021-12-10 16:25:17'),
(178, 14, 8, 19, 'heard', 'new', '2021-12-10 16:25:17'),
(179, 14, 8, 18, 'sand', 'new', '2021-12-10 16:25:17'),
(180, 14, 8, 12, 'see', 'new', '2021-12-10 16:25:17'),
(181, 14, 8, 15, 'rat ', 'new', '2021-12-10 16:25:17'),
(182, 14, 8, 17, 'sent', 'new', '2021-12-10 16:25:17'),
(183, 13, 8, 21, 'hen', 'new', '2021-12-10 16:26:31'),
(184, 13, 8, 23, 'needy', 'new', '2021-12-10 16:26:31'),
(185, 13, 8, 94, 'fish', 'new', '2021-12-10 16:26:31'),
(186, 13, 8, 93, 'lunch', 'new', '2021-12-10 16:26:31'),
(187, 13, 8, 19, 'wind', 'new', '2021-12-10 16:26:31'),
(188, 13, 8, 17, 'sent', 'new', '2021-12-10 16:26:31'),
(189, 13, 8, 12, 'see', 'new', '2021-12-10 16:26:31'),
(190, 13, 8, 18, 'sand', 'new', '2021-12-10 16:26:31'),
(191, 13, 8, 15, 'rat ', 'new', '2021-12-10 16:26:31'),
(192, 13, 8, 20, 'hit', 'new', '2021-12-10 16:26:31'),
(193, 12, 8, 15, 'mouse', 'new', '2021-12-10 16:27:14'),
(194, 12, 8, 20, 'log', 'new', '2021-12-10 16:27:14'),
(195, 12, 8, 21, 'hen', 'new', '2021-12-10 16:27:14'),
(196, 12, 8, 19, 'heard', 'new', '2021-12-10 16:27:14'),
(197, 12, 8, 18, 'sand', 'new', '2021-12-10 16:27:14'),
(198, 12, 8, 23, 'flea ', 'new', '2021-12-10 16:27:14'),
(199, 12, 8, 17, 'sent', 'new', '2021-12-10 16:27:14'),
(200, 12, 8, 93, 'batch', 'new', '2021-12-10 16:27:14'),
(201, 12, 8, 94, 'frog', 'new', '2021-12-10 16:27:14'),
(202, 12, 8, 12, 'see', 'new', '2021-12-10 16:27:14'),
(203, 11, 8, 93, 'lunch', 'new', '2021-12-10 16:28:11'),
(204, 11, 8, 12, 'how', 'new', '2021-12-10 16:28:11'),
(205, 11, 8, 94, 'fish', 'new', '2021-12-10 16:28:11'),
(206, 11, 8, 18, 'ring', 'new', '2021-12-10 16:28:11'),
(207, 11, 8, 20, 'log', 'new', '2021-12-10 16:28:11'),
(208, 11, 8, 23, 'needy', 'new', '2021-12-10 16:28:11'),
(209, 11, 8, 19, 'heard', 'new', '2021-12-10 16:28:11'),
(210, 11, 8, 15, 'rat ', 'new', '2021-12-10 16:28:11'),
(211, 11, 8, 21, 'pig', 'new', '2021-12-10 16:28:11'),
(212, 11, 8, 17, 'sent', 'new', '2021-12-10 16:28:11'),
(213, 10, 8, 19, 'wind', 'new', '2021-12-10 16:29:09'),
(214, 10, 8, 20, 'log', 'new', '2021-12-10 16:29:09'),
(215, 10, 8, 12, 'see', 'new', '2021-12-10 16:29:09'),
(216, 10, 8, 21, 'pig', 'new', '2021-12-10 16:29:09'),
(217, 10, 8, 93, 'batch', 'new', '2021-12-10 16:29:09'),
(218, 10, 8, 23, 'flea ', 'new', '2021-12-10 16:29:09'),
(219, 10, 8, 94, 'frog', 'new', '2021-12-10 16:29:09'),
(220, 10, 8, 18, 'sand', 'new', '2021-12-10 16:29:09'),
(221, 10, 8, 15, 'rat ', 'new', '2021-12-10 16:29:09'),
(222, 10, 8, 17, 'sent', 'new', '2021-12-10 16:29:09'),
(223, 9, 8, 18, 'ring', 'new', '2021-12-10 16:29:56'),
(224, 9, 8, 20, 'log', 'new', '2021-12-10 16:29:56'),
(225, 9, 8, 17, 'friend', 'new', '2021-12-10 16:29:56'),
(226, 9, 8, 93, 'lunch', 'new', '2021-12-10 16:29:56'),
(227, 9, 8, 15, 'mouse', 'new', '2021-12-10 16:29:56'),
(228, 9, 8, 21, 'hen', 'new', '2021-12-10 16:29:56'),
(229, 9, 8, 23, 'needy', 'new', '2021-12-10 16:29:56'),
(230, 9, 8, 19, 'heard', 'new', '2021-12-10 16:29:56'),
(231, 9, 8, 12, 'see', 'new', '2021-12-10 16:29:56'),
(232, 9, 8, 94, 'frog', 'new', '2021-12-10 16:29:56'),
(233, 8, 8, 15, 'mouse', 'new', '2021-12-10 16:30:31'),
(234, 8, 8, 20, 'log', 'new', '2021-12-10 16:30:31'),
(235, 8, 8, 21, 'hen', 'new', '2021-12-10 16:30:31'),
(236, 8, 8, 17, 'sent', 'new', '2021-12-10 16:30:31'),
(237, 8, 8, 94, 'frog', 'new', '2021-12-10 16:30:31'),
(238, 8, 8, 23, 'flea ', 'new', '2021-12-10 16:30:31'),
(239, 8, 8, 18, 'sand', 'new', '2021-12-10 16:30:31'),
(240, 8, 8, 93, 'batch', 'new', '2021-12-10 16:30:31'),
(241, 8, 8, 12, 'see', 'new', '2021-12-10 16:30:31'),
(242, 8, 8, 19, 'heard', 'new', '2021-12-10 16:30:31'),
(243, 7, 8, 19, 'wind', 'new', '2021-12-10 16:31:04'),
(244, 7, 8, 20, 'log', 'new', '2021-12-10 16:31:04'),
(245, 7, 8, 21, 'hen', 'new', '2021-12-10 16:31:04'),
(246, 7, 8, 17, 'sent', 'new', '2021-12-10 16:31:04'),
(247, 7, 8, 12, 'see', 'new', '2021-12-10 16:31:04'),
(248, 7, 8, 18, 'sand', 'new', '2021-12-10 16:31:04'),
(249, 7, 8, 94, 'frog', 'new', '2021-12-10 16:31:04'),
(250, 7, 8, 15, 'rat ', 'new', '2021-12-10 16:31:04'),
(251, 7, 8, 93, 'batch', 'new', '2021-12-10 16:31:04'),
(252, 7, 8, 23, 'flea ', 'new', '2021-12-10 16:31:04'),
(253, 7, 12, 50, 'log', 'new', '2021-12-11 13:20:04'),
(254, 7, 12, 51, 'due', 'new', '2021-12-11 13:20:04'),
(255, 7, 12, 61, 'sent', 'new', '2021-12-11 13:20:04'),
(256, 7, 12, 59, 'bake', 'new', '2021-12-11 13:20:04'),
(257, 7, 12, 52, 'sound', 'new', '2021-12-11 13:20:04'),
(258, 7, 12, 60, 'catch', 'new', '2021-12-11 13:20:04'),
(259, 7, 12, 53, 'lend', 'new', '2021-12-11 13:20:04'),
(260, 7, 12, 56, 'lump', 'new', '2021-12-11 13:20:04'),
(261, 7, 12, 58, 'grip', 'new', '2021-12-11 13:20:04'),
(262, 7, 12, 57, 'tack', 'new', '2021-12-11 13:20:04'),
(263, 8, 12, 52, 'sound', 'new', '2021-12-11 13:22:03'),
(264, 8, 12, 51, 'book', 'new', '2021-12-11 13:22:03'),
(265, 8, 12, 61, 'lend', 'new', '2021-12-11 13:22:03'),
(266, 8, 12, 60, 'catch', 'new', '2021-12-11 13:22:03'),
(267, 8, 12, 56, 'lump', 'new', '2021-12-11 13:22:03'),
(268, 8, 12, 59, 'bake', 'new', '2021-12-11 13:22:03'),
(269, 8, 12, 50, 'log', 'new', '2021-12-11 13:22:03'),
(270, 8, 12, 53, 'tenth', 'new', '2021-12-11 13:22:03'),
(271, 8, 12, 58, 'ship', 'new', '2021-12-11 13:22:03'),
(272, 8, 12, 57, 'chalk', 'new', '2021-12-11 13:22:03'),
(273, 9, 12, 51, 'book', 'new', '2021-12-11 13:23:27'),
(274, 9, 12, 53, 'lend', 'new', '2021-12-11 13:23:27'),
(275, 9, 12, 60, 'catch', 'new', '2021-12-11 13:23:27'),
(276, 9, 12, 56, 'lump', 'new', '2021-12-11 13:23:27'),
(277, 9, 12, 61, 'lend', 'new', '2021-12-11 13:23:27'),
(278, 9, 12, 50, 'log', 'new', '2021-12-11 13:23:27'),
(279, 9, 12, 58, 'ship', 'new', '2021-12-11 13:23:27'),
(280, 9, 12, 52, 'sound', 'new', '2021-12-11 13:23:27'),
(281, 9, 12, 57, 'chalk', 'new', '2021-12-11 13:23:27'),
(282, 9, 12, 59, 'bake', 'new', '2021-12-11 13:23:27'),
(283, 10, 12, 52, 'vowel', 'new', '2021-12-11 13:25:08'),
(284, 10, 12, 61, 'lend', 'new', '2021-12-11 13:25:08'),
(285, 10, 12, 60, 'catch', 'new', '2021-12-11 13:25:08'),
(286, 10, 12, 50, 'beg', 'new', '2021-12-11 13:25:08'),
(287, 10, 12, 51, 'book', 'new', '2021-12-11 13:25:08'),
(288, 10, 12, 57, 'tack', 'new', '2021-12-11 13:25:08'),
(289, 10, 12, 59, 'bake', 'new', '2021-12-11 13:25:08'),
(290, 10, 12, 56, 'bump', 'new', '2021-12-11 13:25:08'),
(291, 10, 12, 53, 'tenth', 'new', '2021-12-11 13:25:08'),
(292, 10, 12, 58, 'ship', 'new', '2021-12-11 13:25:08'),
(293, 11, 12, 60, 'catch', 'new', '2021-12-11 13:26:02'),
(294, 11, 12, 61, 'lend', 'new', '2021-12-11 13:26:02'),
(295, 11, 12, 59, 'look', 'new', '2021-12-11 13:26:02'),
(296, 11, 12, 53, 'lend', 'new', '2021-12-11 13:26:02'),
(297, 11, 12, 57, 'tack', 'new', '2021-12-11 13:26:02'),
(298, 11, 12, 51, 'book', 'new', '2021-12-11 13:26:02'),
(299, 11, 12, 50, 'leg', 'new', '2021-12-11 13:26:02'),
(300, 11, 12, 56, 'bump', 'new', '2021-12-11 13:26:02'),
(301, 11, 12, 52, 'sound', 'new', '2021-12-11 13:26:02'),
(302, 11, 12, 58, 'ship', 'new', '2021-12-11 13:26:02'),
(303, 12, 12, 52, 'sound', 'new', '2021-12-11 15:06:17'),
(304, 12, 12, 60, 'batch', 'new', '2021-12-11 15:06:17'),
(305, 12, 12, 53, 'tenth', 'new', '2021-12-11 15:06:17'),
(306, 12, 12, 61, 'sent', 'new', '2021-12-11 15:06:17'),
(307, 12, 12, 56, 'lump', 'new', '2021-12-11 15:06:17'),
(308, 12, 12, 58, 'grip', 'new', '2021-12-11 15:06:17'),
(309, 12, 12, 50, 'beg', 'new', '2021-12-11 15:06:17'),
(310, 12, 12, 59, 'look', 'new', '2021-12-11 15:06:17'),
(311, 12, 12, 51, 'book', 'new', '2021-12-11 15:06:17'),
(312, 12, 12, 57, 'tack', 'new', '2021-12-11 15:06:17'),
(313, 13, 12, 50, 'log', 'new', '2021-12-11 15:14:12'),
(314, 13, 12, 58, 'ship', 'new', '2021-12-11 15:14:12'),
(315, 13, 12, 59, 'bake', 'new', '2021-12-11 15:14:12'),
(316, 13, 12, 51, 'due', 'new', '2021-12-11 15:14:12'),
(317, 13, 12, 60, 'catch', 'new', '2021-12-11 15:14:12'),
(318, 13, 12, 57, 'tack', 'new', '2021-12-11 15:14:12'),
(319, 13, 12, 52, 'vowel', 'new', '2021-12-11 15:14:12'),
(320, 13, 12, 56, 'lump', 'new', '2021-12-11 15:14:12'),
(321, 13, 12, 53, 'lend', 'new', '2021-12-11 15:14:12'),
(322, 13, 12, 61, 'lend', 'new', '2021-12-11 15:14:12'),
(323, 14, 12, 56, 'bump', 'new', '2021-12-11 15:17:19'),
(324, 14, 12, 52, 'sound', 'new', '2021-12-11 15:17:19'),
(325, 14, 12, 58, 'ship', 'new', '2021-12-11 15:17:19'),
(326, 14, 12, 50, 'log', 'new', '2021-12-11 15:17:19'),
(327, 14, 12, 51, 'due', 'new', '2021-12-11 15:17:19'),
(328, 14, 12, 61, 'lend', 'new', '2021-12-11 15:17:19'),
(329, 14, 12, 53, 'lend', 'new', '2021-12-11 15:17:19'),
(330, 14, 12, 60, 'catch', 'new', '2021-12-11 15:17:19'),
(331, 14, 12, 57, 'tack', 'new', '2021-12-11 15:17:19'),
(332, 14, 12, 59, 'look', 'new', '2021-12-11 15:17:19'),
(333, 15, 12, 60, 'lunch', 'new', '2021-12-11 15:18:07'),
(334, 15, 12, 59, 'bake', 'new', '2021-12-11 15:18:07'),
(335, 15, 12, 58, 'ship', 'new', '2021-12-11 15:18:07'),
(336, 15, 12, 57, 'chalk', 'new', '2021-12-11 15:18:07'),
(337, 15, 12, 56, 'lump', 'new', '2021-12-11 15:18:07'),
(338, 15, 12, 51, 'book', 'new', '2021-12-11 15:18:07'),
(339, 15, 12, 53, 'lend', 'new', '2021-12-11 15:18:07'),
(340, 15, 12, 52, 'vowel', 'new', '2021-12-11 15:18:07'),
(341, 15, 12, 61, 'lend', 'new', '2021-12-11 15:18:07'),
(342, 15, 12, 50, 'beg', 'new', '2021-12-11 15:18:07'),
(343, 16, 12, 51, 'due', 'new', '2021-12-11 15:21:13'),
(344, 16, 12, 52, 'sound', 'new', '2021-12-11 15:21:13'),
(345, 16, 12, 50, 'log', 'new', '2021-12-11 15:21:13'),
(346, 16, 12, 53, 'tenth', 'new', '2021-12-11 15:21:13'),
(347, 16, 12, 60, 'lunch', 'new', '2021-12-11 15:21:13'),
(348, 16, 12, 56, 'bump', 'new', '2021-12-11 15:21:13'),
(349, 16, 12, 61, 'sent', 'new', '2021-12-11 15:21:13'),
(350, 16, 12, 57, 'chalk', 'new', '2021-12-11 15:21:13'),
(351, 16, 12, 59, 'look', 'new', '2021-12-11 15:21:13'),
(352, 16, 12, 58, 'grip', 'new', '2021-12-11 15:21:13'),
(353, 27, 12, 58, 'ship', 'new', '2021-12-11 15:22:41'),
(354, 27, 12, 53, 'tenth', 'new', '2021-12-11 15:22:41'),
(355, 27, 12, 51, 'due', 'new', '2021-12-11 15:22:41'),
(356, 27, 12, 59, 'bake', 'new', '2021-12-11 15:22:41'),
(357, 27, 12, 52, 'vowel', 'new', '2021-12-11 15:22:41'),
(358, 27, 12, 57, 'tack', 'new', '2021-12-11 15:22:41'),
(359, 27, 12, 50, 'beg', 'new', '2021-12-11 15:22:41'),
(360, 27, 12, 60, 'catch', 'new', '2021-12-11 15:22:41'),
(361, 27, 12, 56, 'lump', 'new', '2021-12-11 15:22:41'),
(362, 27, 12, 61, 'lend', 'new', '2021-12-11 15:22:41'),
(363, 26, 12, 61, 'sent', 'new', '2021-12-11 15:24:11'),
(364, 26, 12, 52, 'sound', 'new', '2021-12-11 15:24:11'),
(365, 26, 12, 58, 'ship', 'new', '2021-12-11 15:24:11'),
(366, 26, 12, 53, 'tenth', 'new', '2021-12-11 15:24:11'),
(367, 26, 12, 50, 'log', 'new', '2021-12-11 15:24:11'),
(368, 26, 12, 51, 'due', 'new', '2021-12-11 15:24:11'),
(369, 26, 12, 59, 'bake', 'new', '2021-12-11 15:24:11'),
(370, 26, 12, 60, 'catch', 'new', '2021-12-11 15:24:11'),
(371, 26, 12, 56, 'lump', 'new', '2021-12-11 15:24:11'),
(372, 26, 12, 57, 'tack', 'new', '2021-12-11 15:24:11'),
(373, 25, 12, 59, 'bake', 'new', '2021-12-11 15:25:35'),
(374, 25, 12, 50, 'log', 'new', '2021-12-11 15:25:35'),
(375, 25, 12, 58, 'ship', 'new', '2021-12-11 15:25:35'),
(376, 25, 12, 51, 'due', 'new', '2021-12-11 15:25:35'),
(377, 25, 12, 57, 'chalk', 'new', '2021-12-11 15:25:35'),
(378, 25, 12, 53, 'tenth', 'new', '2021-12-11 15:25:35'),
(379, 25, 12, 56, 'lump', 'new', '2021-12-11 15:25:35'),
(380, 25, 12, 60, 'catch', 'new', '2021-12-11 15:25:35'),
(381, 25, 12, 52, 'vowel', 'new', '2021-12-11 15:25:35'),
(382, 25, 12, 61, 'lend', 'new', '2021-12-11 15:25:35'),
(383, 24, 12, 61, 'sent', 'new', '2021-12-11 15:26:22'),
(384, 24, 12, 52, 'sound', 'new', '2021-12-11 15:26:22'),
(385, 24, 12, 60, 'lunch', 'new', '2021-12-11 15:26:22'),
(386, 24, 12, 57, 'chalk', 'new', '2021-12-11 15:26:22'),
(387, 24, 12, 59, 'bake', 'new', '2021-12-11 15:26:22'),
(388, 24, 12, 50, 'log', 'new', '2021-12-11 15:26:22'),
(389, 24, 12, 53, 'lend', 'new', '2021-12-11 15:26:22'),
(390, 24, 12, 56, 'lump', 'new', '2021-12-11 15:26:22'),
(391, 24, 12, 58, 'grip', 'new', '2021-12-11 15:26:22'),
(392, 24, 12, 51, 'book', 'new', '2021-12-11 15:26:22'),
(393, 23, 12, 57, 'chalk', 'new', '2021-12-11 15:27:00'),
(394, 23, 12, 56, 'bump', 'new', '2021-12-11 15:27:00'),
(395, 23, 12, 53, 'tenth', 'new', '2021-12-11 15:27:00'),
(396, 23, 12, 50, 'log', 'new', '2021-12-11 15:27:00'),
(397, 23, 12, 58, 'grip', 'new', '2021-12-11 15:27:00'),
(398, 23, 12, 61, 'lend', 'new', '2021-12-11 15:27:00'),
(399, 23, 12, 59, 'look', 'new', '2021-12-11 15:27:00'),
(400, 23, 12, 52, 'vowel', 'new', '2021-12-11 15:27:00'),
(401, 23, 12, 51, 'book', 'new', '2021-12-11 15:27:00'),
(402, 23, 12, 60, 'catch', 'new', '2021-12-11 15:27:00'),
(403, 22, 12, 58, 'ship', 'new', '2021-12-11 15:28:38'),
(404, 22, 12, 61, 'sent', 'new', '2021-12-11 15:28:38'),
(405, 22, 12, 57, 'chalk', 'new', '2021-12-11 15:28:38'),
(406, 22, 12, 51, 'due', 'new', '2021-12-11 15:28:38'),
(407, 22, 12, 60, 'lunch', 'new', '2021-12-11 15:28:38'),
(408, 22, 12, 56, 'bump', 'new', '2021-12-11 15:28:38'),
(409, 22, 12, 52, 'sound', 'new', '2021-12-11 15:28:38'),
(410, 22, 12, 50, 'log', 'new', '2021-12-11 15:28:38'),
(411, 22, 12, 59, 'look', 'new', '2021-12-11 15:28:38'),
(412, 22, 12, 53, 'lend', 'new', '2021-12-11 15:28:38'),
(413, 21, 12, 59, 'bake', 'new', '2021-12-11 15:29:37'),
(414, 21, 12, 60, 'lunch', 'new', '2021-12-11 15:29:37'),
(415, 21, 12, 50, 'log', 'new', '2021-12-11 15:29:37'),
(416, 21, 12, 57, 'chalk', 'new', '2021-12-11 15:29:37'),
(417, 21, 12, 53, 'lend', 'new', '2021-12-11 15:29:37'),
(418, 21, 12, 51, 'book', 'new', '2021-12-11 15:29:37'),
(419, 21, 12, 52, 'vowel', 'new', '2021-12-11 15:29:37'),
(420, 21, 12, 56, 'lump', 'new', '2021-12-11 15:29:37'),
(421, 21, 12, 58, 'grip', 'new', '2021-12-11 15:29:37'),
(422, 21, 12, 61, 'lend', 'new', '2021-12-11 15:29:37'),
(423, 20, 12, 61, 'sent', 'new', '2021-12-11 15:30:23'),
(424, 20, 12, 53, 'tenth', 'new', '2021-12-11 15:30:23'),
(425, 20, 12, 58, 'ship', 'new', '2021-12-11 15:30:23'),
(426, 20, 12, 60, 'lunch', 'new', '2021-12-11 15:30:23'),
(427, 20, 12, 50, 'log', 'new', '2021-12-11 15:30:23'),
(428, 20, 12, 56, 'bump', 'new', '2021-12-11 15:30:23'),
(429, 20, 12, 51, 'due', 'new', '2021-12-11 15:30:23'),
(430, 20, 12, 59, 'look', 'new', '2021-12-11 15:30:23'),
(431, 20, 12, 57, 'tack', 'new', '2021-12-11 15:30:23'),
(432, 20, 12, 52, 'vowel', 'new', '2021-12-11 15:30:23'),
(433, 19, 12, 52, 'sound', 'new', '2021-12-11 15:31:23'),
(434, 19, 12, 61, 'sent', 'new', '2021-12-11 15:31:23'),
(435, 19, 12, 51, 'due', 'new', '2021-12-11 15:31:23'),
(436, 19, 12, 60, 'lunch', 'new', '2021-12-11 15:31:23'),
(437, 19, 12, 53, 'tenth', 'new', '2021-12-11 15:31:23'),
(438, 19, 12, 59, 'bake', 'new', '2021-12-11 15:31:23'),
(439, 19, 12, 50, 'log', 'new', '2021-12-11 15:31:23'),
(440, 19, 12, 58, 'grip', 'new', '2021-12-11 15:31:23'),
(441, 19, 12, 57, 'tack', 'new', '2021-12-11 15:31:23'),
(442, 19, 12, 56, 'lump', 'new', '2021-12-11 15:31:23'),
(443, 18, 12, 61, 'sent', 'new', '2021-12-11 15:32:01'),
(444, 18, 12, 56, 'bump', 'new', '2021-12-11 15:32:01'),
(445, 18, 12, 59, 'bake', 'new', '2021-12-11 15:32:01'),
(446, 18, 12, 60, 'lunch', 'new', '2021-12-11 15:32:01'),
(447, 18, 12, 57, 'chalk', 'new', '2021-12-11 15:32:01'),
(448, 18, 12, 50, 'beg', 'new', '2021-12-11 15:32:01'),
(449, 18, 12, 51, 'book', 'new', '2021-12-11 15:32:01'),
(450, 18, 12, 53, 'lend', 'new', '2021-12-11 15:32:01'),
(451, 18, 12, 52, 'vowel', 'new', '2021-12-11 15:32:01'),
(452, 18, 12, 58, 'grip', 'new', '2021-12-11 15:32:01'),
(453, 28, 8, 15, 'mouse', 'new', '2021-12-15 09:32:09'),
(454, 28, 8, 94, 'fish', 'new', '2021-12-15 09:32:09'),
(455, 28, 8, 23, 'needy', 'new', '2021-12-15 09:32:09'),
(456, 28, 8, 20, 'log', 'new', '2021-12-15 09:32:09'),
(457, 28, 8, 17, 'friend', 'new', '2021-12-15 09:32:09'),
(458, 28, 8, 18, 'ring', 'new', '2021-12-15 09:32:09'),
(459, 28, 8, 19, 'wind', 'new', '2021-12-15 09:32:09'),
(460, 28, 8, 12, 'how', 'new', '2021-12-15 09:32:09'),
(461, 28, 8, 93, 'batch', 'new', '2021-12-15 09:32:09'),
(462, 28, 8, 21, 'pig', 'new', '2021-12-15 09:32:09'),
(463, 29, 8, 12, 'how', 'new', '2021-12-15 09:32:56'),
(464, 29, 8, 93, 'lunch', 'new', '2021-12-15 09:32:56'),
(465, 29, 8, 20, 'log', 'new', '2021-12-15 09:32:56'),
(466, 29, 8, 19, 'wind', 'new', '2021-12-15 09:32:56'),
(467, 29, 8, 15, 'mouse', 'new', '2021-12-15 09:32:56'),
(468, 29, 8, 23, 'needy', 'new', '2021-12-15 09:32:56'),
(469, 29, 8, 17, 'friend', 'new', '2021-12-15 09:32:56'),
(470, 29, 8, 21, 'hen', 'new', '2021-12-15 09:32:56'),
(471, 29, 8, 94, 'fish', 'new', '2021-12-15 09:32:56'),
(472, 29, 8, 18, 'shell', 'new', '2021-12-15 09:32:56'),
(473, 30, 8, 20, 'log', 'new', '2021-12-15 09:33:51'),
(474, 30, 8, 17, 'friend', 'new', '2021-12-15 09:33:51'),
(475, 30, 8, 23, 'needy', 'new', '2021-12-15 09:33:51'),
(476, 30, 8, 12, 'how', 'new', '2021-12-15 09:33:51'),
(477, 30, 8, 15, 'mouse', 'new', '2021-12-15 09:33:51'),
(478, 30, 8, 18, 'ring', 'new', '2021-12-15 09:33:51'),
(479, 30, 8, 93, 'lunch', 'new', '2021-12-15 09:33:51'),
(480, 30, 8, 94, 'fish', 'new', '2021-12-15 09:33:51'),
(481, 30, 8, 19, 'wind', 'new', '2021-12-15 09:33:51'),
(482, 30, 8, 21, 'hen', 'new', '2021-12-15 09:33:51'),
(483, 31, 8, 21, 'hen', 'new', '2021-12-15 09:34:59'),
(484, 31, 8, 12, 'how', 'new', '2021-12-15 09:34:59'),
(485, 31, 8, 23, 'needy', 'new', '2021-12-15 09:34:59'),
(486, 31, 8, 94, 'fish', 'new', '2021-12-15 09:34:59'),
(487, 31, 8, 93, 'lunch', 'new', '2021-12-15 09:34:59'),
(488, 31, 8, 19, 'heard', 'new', '2021-12-15 09:34:59'),
(489, 31, 8, 20, 'log', 'new', '2021-12-15 09:34:59'),
(490, 31, 8, 17, 'friend', 'new', '2021-12-15 09:34:59'),
(491, 31, 8, 18, 'shell', 'new', '2021-12-15 09:34:59'),
(492, 31, 8, 15, 'hamster', 'new', '2021-12-15 09:34:59'),
(493, 32, 8, 15, 'mouse', 'new', '2021-12-15 09:39:13'),
(494, 32, 8, 19, 'wind', 'new', '2021-12-15 09:39:13'),
(495, 32, 8, 94, 'fish', 'new', '2021-12-15 09:39:13'),
(496, 32, 8, 17, 'friend', 'new', '2021-12-15 09:39:13'),
(497, 32, 8, 23, 'needy', 'new', '2021-12-15 09:39:13'),
(498, 32, 8, 20, 'log', 'new', '2021-12-15 09:39:13'),
(499, 32, 8, 21, 'hen', 'new', '2021-12-15 09:39:13'),
(500, 32, 8, 12, 'two', 'new', '2021-12-15 09:39:13'),
(501, 32, 8, 93, 'catch', 'new', '2021-12-15 09:39:13'),
(502, 32, 8, 18, 'shell', 'new', '2021-12-15 09:39:13'),
(503, 28, 12, 56, 'bump', 'new', '2021-12-15 09:47:51'),
(504, 28, 12, 59, 'bake', 'new', '2021-12-15 09:47:51'),
(505, 28, 12, 50, 'log', 'new', '2021-12-15 09:47:51'),
(506, 28, 12, 53, 'tenth', 'new', '2021-12-15 09:47:51'),
(507, 28, 12, 57, 'chalk', 'new', '2021-12-15 09:47:51'),
(508, 28, 12, 60, 'lunch', 'new', '2021-12-15 09:47:51'),
(509, 28, 12, 51, 'due', 'new', '2021-12-15 09:47:51'),
(510, 28, 12, 61, 'sent', 'new', '2021-12-15 09:47:51'),
(511, 28, 12, 52, 'sound', 'new', '2021-12-15 09:47:51'),
(512, 28, 12, 58, 'ship', 'new', '2021-12-15 09:47:51'),
(513, 29, 12, 56, 'bump', 'new', '2021-12-15 09:54:55'),
(514, 29, 12, 60, 'lunch', 'new', '2021-12-15 09:54:55'),
(515, 29, 12, 53, 'tenth', 'new', '2021-12-15 09:54:55'),
(516, 29, 12, 57, 'chalk', 'new', '2021-12-15 09:54:55'),
(517, 29, 12, 52, 'sound', 'new', '2021-12-15 09:54:55'),
(518, 29, 12, 58, 'ship', 'new', '2021-12-15 09:54:55'),
(519, 29, 12, 51, 'due', 'new', '2021-12-15 09:54:55'),
(520, 29, 12, 50, 'log', 'new', '2021-12-15 09:54:55'),
(521, 29, 12, 61, 'sent', 'new', '2021-12-15 09:54:55'),
(522, 29, 12, 59, 'look', 'new', '2021-12-15 09:54:55'),
(523, 30, 12, 51, 'due', 'new', '2021-12-15 09:55:59'),
(524, 30, 12, 52, 'sound', 'new', '2021-12-15 09:55:59'),
(525, 30, 12, 57, 'chalk', 'new', '2021-12-15 09:55:59'),
(526, 30, 12, 50, 'log', 'new', '2021-12-15 09:55:59'),
(527, 30, 12, 59, 'bake', 'new', '2021-12-15 09:55:59'),
(528, 30, 12, 61, 'sent', 'new', '2021-12-15 09:55:59'),
(529, 30, 12, 60, 'lunch', 'new', '2021-12-15 09:55:59'),
(530, 30, 12, 58, 'ship', 'new', '2021-12-15 09:55:59'),
(531, 30, 12, 53, 'lend', 'new', '2021-12-15 09:55:59'),
(532, 30, 12, 56, 'lump', 'new', '2021-12-15 09:55:59'),
(533, 31, 12, 58, 'yacht', 'new', '2021-12-15 09:56:52'),
(534, 31, 12, 61, 'sent', 'new', '2021-12-15 09:56:52'),
(535, 31, 12, 59, 'bake', 'new', '2021-12-15 09:56:52'),
(536, 31, 12, 57, 'chalk', 'new', '2021-12-15 09:56:52'),
(537, 31, 12, 60, 'lunch', 'new', '2021-12-15 09:56:52'),
(538, 31, 12, 52, 'sound', 'new', '2021-12-15 09:56:52'),
(539, 31, 12, 53, 'tenth', 'new', '2021-12-15 09:56:52'),
(540, 31, 12, 56, 'bump', 'new', '2021-12-15 09:56:52'),
(541, 31, 12, 51, 'due', 'new', '2021-12-15 09:56:52'),
(542, 31, 12, 50, 'beg', 'new', '2021-12-15 09:56:52'),
(543, 32, 12, 56, 'bump', 'new', '2021-12-15 09:57:49'),
(544, 32, 12, 60, 'lunch', 'new', '2021-12-15 09:57:49'),
(545, 32, 12, 61, 'sent', 'new', '2021-12-15 09:57:49'),
(546, 32, 12, 53, 'tenth', 'new', '2021-12-15 09:57:49'),
(547, 32, 12, 58, 'ship', 'new', '2021-12-15 09:57:49'),
(548, 32, 12, 52, 'sound', 'new', '2021-12-15 09:57:49'),
(549, 32, 12, 57, 'chalk', 'new', '2021-12-15 09:57:49'),
(550, 32, 12, 59, 'bake', 'new', '2021-12-15 09:57:49'),
(551, 32, 12, 51, 'due', 'new', '2021-12-15 09:57:49'),
(552, 32, 12, 50, 'log', 'new', '2021-12-15 09:57:49'),
(553, 33, 26, 245, 'fd', 'new', '2021-12-20 03:11:11'),
(554, 34, 8, 18, 'ring', 'new', '2022-01-02 05:18:43'),
(555, 34, 8, 20, 'log', 'new', '2022-01-02 05:18:43'),
(556, 34, 8, 17, 'sent', 'new', '2022-01-02 05:18:43'),
(557, 34, 8, 15, 'mouse', 'new', '2022-01-02 05:18:43'),
(558, 34, 8, 94, 'fish', 'new', '2022-01-02 05:18:43'),
(559, 34, 8, 12, 'how', 'new', '2022-01-02 05:18:43'),
(560, 34, 8, 23, 'needy', 'new', '2022-01-02 05:18:43'),
(561, 34, 8, 19, 'heard', 'new', '2022-01-02 05:18:43'),
(562, 34, 8, 21, 'hen', 'new', '2022-01-02 05:18:43'),
(563, 34, 8, 93, 'lunch', 'new', '2022-01-02 05:18:43'),
(564, 34, 26, 245, 'fd', 'new', '2022-01-08 08:24:19'),
(565, 34, 26, 247, '1', 'new', '2022-01-08 08:24:19'),
(566, 34, 10, 25, 'meal', 'new', '2022-01-10 19:33:47'),
(567, 34, 10, 29, 'Friends', 'new', '2022-01-10 19:33:47'),
(568, 34, 10, 30, 'River', 'new', '2022-01-10 19:33:47'),
(569, 34, 10, 32, 'Morning', 'new', '2022-01-10 19:33:47'),
(570, 34, 10, 26, 'Stories', 'new', '2022-01-10 19:33:47'),
(571, 34, 10, 31, 'Running', 'new', '2022-01-10 19:33:47'),
(572, 34, 10, 27, 'children', 'new', '2022-01-10 19:33:47'),
(573, 34, 10, 33, 'Cleaning', 'new', '2022-01-10 19:33:47'),
(574, 34, 10, 24, 'boy', 'new', '2022-01-10 19:33:47'),
(575, 34, 10, 28, 'Flower', 'new', '2022-01-10 19:33:47');

-- --------------------------------------------------------

--
-- Table structure for table `exam_attempt`
--

CREATE TABLE `exam_attempt` (
  `examat_id` int(11) NOT NULL,
  `exmne_id` int(11) NOT NULL,
  `exam_id` int(11) NOT NULL,
  `examat_status` varchar(1000) NOT NULL DEFAULT 'used'
) ENGINE=InnoDB DEFAULT CHARSET=latin1;

--
-- Dumping data for table `exam_attempt`
--

INSERT INTO `exam_attempt` (`examat_id`, `exmne_id`, `exam_id`, `examat_status`) VALUES
(67, 27, 8, 'used'),
(68, 26, 8, 'used'),
(69, 25, 8, 'used'),
(70, 24, 8, 'used'),
(71, 23, 8, 'used'),
(72, 22, 8, 'used'),
(73, 21, 8, 'used'),
(74, 20, 8, 'used'),
(75, 19, 8, 'used'),
(76, 18, 8, 'used'),
(77, 16, 8, 'used'),
(78, 15, 8, 'used'),
(79, 14, 8, 'used'),
(80, 13, 8, 'used'),
(81, 12, 8, 'used'),
(82, 11, 8, 'used'),
(83, 10, 8, 'used'),
(84, 9, 8, 'used'),
(85, 8, 8, 'used'),
(86, 7, 8, 'used'),
(87, 7, 12, 'used'),
(88, 8, 12, 'used'),
(89, 9, 12, 'used'),
(90, 10, 12, 'used'),
(91, 11, 12, 'used'),
(92, 12, 12, 'used'),
(93, 13, 12, 'used'),
(94, 14, 12, 'used'),
(95, 15, 12, 'used'),
(96, 16, 12, 'used'),
(97, 27, 12, 'used'),
(98, 26, 12, 'used'),
(99, 25, 12, 'used'),
(100, 24, 12, 'used'),
(101, 23, 12, 'used'),
(102, 22, 12, 'used'),
(103, 21, 12, 'used'),
(104, 20, 12, 'used'),
(105, 19, 12, 'used'),
(106, 18, 12, 'used'),
(107, 28, 8, 'used'),
(108, 29, 8, 'used'),
(109, 30, 8, 'used'),
(110, 31, 8, 'used'),
(111, 32, 8, 'used'),
(112, 28, 12, 'used'),
(113, 29, 12, 'used'),
(114, 30, 12, 'used'),
(115, 31, 12, 'used'),
(116, 32, 12, 'used'),
(117, 33, 26, 'used'),
(118, 34, 8, 'used'),
(119, 34, 26, 'used'),
(120, 34, 10, 'used');

-- --------------------------------------------------------

--
-- Table structure for table `exam_question_tbl`
--

CREATE TABLE `exam_question_tbl` (
  `eqt_id` int(30) NOT NULL,
  `exam_id` int(30) NOT NULL,
  `exam_question` varchar(5000) NOT NULL,
  `exam_ch1` varchar(5000) NOT NULL,
  `exam_ch2` varchar(5000) NOT NULL,
  `exam_ch3` varchar(5000) NOT NULL,
  `exam_ch4` varchar(5000) NOT NULL,
  `exam_answer` varchar(5000) NOT NULL,
  `exam_status` varchar(5000) NOT NULL DEFAULT 'active'
) ENGINE=InnoDB DEFAULT CHARSET=latin1;

--
-- Dumping data for table `exam_question_tbl`
--

INSERT INTO `exam_question_tbl` (`eqt_id`, `exam_id`, `exam_question`, `exam_ch1`, `exam_ch2`, `exam_ch3`, `exam_ch4`, `exam_answer`, `exam_status`) VALUES
(12, 8, ' Choose the word that rhymes with cow.', 'see', 'how', 'cat ', 'two', 'how', 'active'),
(15, 8, ' Choose the word that best completes the rhyme. The ______ in the house.', 'rat ', 'mouse', 'dog', 'hamster', 'mouse', 'active'),
(17, 8, 'Choose the word that DOES NOT rhyme with the others.', 'sent', 'friend', 'bend', 'lend', 'friend', 'active'),
(18, 8, 'What word rhymes with SING?', 'sand', 'ring', 'bear', 'shell', 'ring', 'active'),
(19, 8, 'Choose the word that DOES NOT rhyme with the otherss.', 'heard', 'bird', 'word', 'wind', 'wind', 'active'),
(20, 8, ' Which word rhymes with dog?', 'hit', 'cot', 'log', 'tag', 'log', 'active'),
(21, 8, ' The word that best completes the rhyme. The ______ in the pen', 'hen', 'pig', 'goat', 'turkey', 'hen', 'active'),
(23, 8, ' What word does NOT rhyme with \"tea\"?', 'flea ', 'pea', 'sea', 'needy', 'needy', 'active'),
(24, 10, 'The boy walks very fast. ', 'boy', 'very', 'walks', 'fast', 'walks', 'active'),
(25, 10, 'Mang Ambo cooks delicious meal. ', 'meal', 'delicious', 'cooks', 'Mang Ambo', 'cooks', 'active'),
(26, 10, ' The teacher reads stories to her pupils.', 'reads', 'teacher', 'pupils', 'Stories', 'reads', 'active'),
(27, 10, 'The children play outside the house. ', 'children', 'outside ', 'house', 'play', 'play', 'active'),
(28, 10, 'I draw beautiful flowers. ', 'I', 'draw', 'beautiful', 'Flower', 'draw', 'active'),
(29, 10, 'I was playing outside with my friends', 'Playing', 'Outside', 'Friends', 'I', 'Playing', 'active'),
(30, 10, 'I was swimming in the river with my family', 'I', 'Swimming', 'River', 'Family', 'Swimming', 'active'),
(31, 10, 'The boy was running towards the ocean', 'Boy ', 'Towards', 'Running', 'Ocean', 'Running', 'active'),
(32, 10, 'Mang Ambo always do his morning walk at 5:30am', 'Mang Ambo', 'Always', 'Morning', 'Walk', 'Walk', 'active'),
(33, 10, 'Aling Pasing was cleaning her house the other day.', 'Aling Pasing', 'Cleaning', 'House', 'Day', 'Cleaning', 'active'),
(40, 11, ' Bob ran ________ than Pat.', 'fast', 'faster', 'fastest', 'slowest', 'faster', 'active'),
(41, 11, ' Josh is the _________ person in his family.', 'tall', 'taller', 'tallest', 'small', 'tallest', 'active'),
(42, 11, ' Pick the adjective.', 'sam ', 'teacher', 'blue', 'None of the above', 'None of the above', 'active'),
(43, 11, ' The fat cat is in the house. In the sentence above, what is the adjective?', 'fat', 'cat', 'house ', 'in', 'cat', 'active'),
(44, 11, 'Which word in the sentence is a describing word or adjective? Gwin Oaks is one of the best schools in Gwinnett County.', 'is', 'schools', 'in ', 'best', 'best', 'active'),
(45, 11, ' Choose the adjective:', 'man', 'runs', 'cat', 'tall', 'tall', 'active'),
(46, 11, 'Choose the word in the sentence that is an adjective. Rapunzel has long hair.', 'Rapunzel', 'long', 'hair', 'has', 'long', 'active'),
(47, 11, ' Molly has a _________ , blue blanket.', 'fuzzy', 'white', 'funny', 'metal', 'fuzzy', 'active'),
(48, 11, 'Which word is the adjective? I read a long book.', 'read', 'long', 'book', 'I', 'long', 'active'),
(49, 11, 'Eren dog has very long ears.', 'dog', 'sally', 'very ', 'long', 'long', 'active'),
(50, 12, ' What word rhymes with dog?', 'leg', 'log', 'big', 'beg', 'log', 'active'),
(51, 12, 'Which word rhymes with shoe?', 'dove', 'due', 'couch', 'book', 'due', 'active'),
(52, 12, ' Rhyming words end with the same ', 'sound', 'letter', 'consonant', 'vowel', 'sound', 'active'),
(53, 12, ' What word rhymes with tent?', 'ten', 'tenth', 'spent', 'lend', 'tenth', 'active'),
(56, 12, 'Choose the words that rhyme with dump.', 'bump', 'dump', 'grump', 'lump', 'bump', 'active'),
(57, 12, ' Which word rhymes with TALK?', 'tent', 'star', 'chalk', 'tack', 'chalk', 'active'),
(58, 12, 'Something that sails on the ocean, that rhyme with lip.', 'yacht', 'boat', 'grip', 'ship', 'ship', 'active'),
(59, 12, ' Choose the words that rhyme with cake', 'bake', 'book', 'took', 'look', 'bake', 'active'),
(60, 12, ' What word does NOT rhyme with \"match\"?', 'batch', 'latch', 'catch', 'lunch', 'lunch', 'active'),
(61, 12, ' Choose the word that DOES NOT rhyme with the others.', 'sent', 'friend', 'bend', 'lend', 'sent', 'active'),
(62, 13, ' Which word has the short e sound?', 'Heap', 'Help', 'Hover', 'Hippo', 'Heap', 'active'),
(63, 13, ' The word stay has what vowel sound?', 'Long A', 'Short A', 'Long I', 'Short U', 'Long A', 'active'),
(64, 13, 'What word ends like dish?', 'Tree', 'Chat', 'Stash', 'Should', 'Stash', 'active'),
(65, 13, 'What word has the same /er/ sound as hurt?', 'Start ', 'Sort', 'Stir', 'Stove', 'Stir', 'active'),
(66, 13, 'What word starts the same as globe?', 'Thin', 'Blast', 'Fret', 'Glove', 'Glove', 'active'),
(67, 13, ' Mom told us to ___________ our lunch to school.', 'School', 'Go', 'Take', 'Food', 'Take', 'active'),
(68, 13, 'Each month the ____________ has a face.', 'Moon', 'Full', 'Yellow', 'Bus', 'Moon', 'active'),
(69, 13, ' A ________ is straight like an arrow.', 'Time', 'Line', 'Circle', 'Hand', 'Line', 'active'),
(70, 13, ' The robins were building a _________________ in the tree', 'Car', 'Plant', 'Nest', 'Sun', 'Nest', 'active'),
(71, 13, ' Sara saw _______________ at the circus.', 'Books', 'Clowns', 'Fans', 'Sat', 'Clowns', 'active'),
(72, 14, 'Ann plants a seed.', 'Plants', 'Seed', 'Ann', 'None', 'Plants', 'active'),
(73, 14, ' The seed grows into a flower.', 'None', 'Seed', 'Grows', 'Flower', 'Grows', 'active'),
(74, 14, ' The sun rises in the morning.', 'None', 'Rises', 'Sun', 'Morning', 'Rises', 'active'),
(75, 14, 'The sun sets in the evening.', 'Sun', 'Sets', 'Evening', 'None', 'Sets', 'active'),
(76, 14, 'The snow falls on the ground.', 'Snow', 'Falls', 'Ground', 'None', 'Falls', 'active'),
(77, 14, 'The sun melts the snow.', 'Sun', 'Melts', 'None', 'Snow', 'Melts', 'active'),
(78, 14, 'The boy plays ball.', 'Boy', 'Ball', 'Plays', 'None', 'Plays', 'active'),
(79, 14, ' The girl runs fast.', 'Runs', 'Fast', 'Girl', 'None', 'Runs', 'active'),
(80, 14, 'The plant grows big.', 'Plants', 'Grows', 'Big', 'None', 'Grows', 'active'),
(81, 14, 'The boy talks to his friend.', 'None', 'Talks', 'Boy', 'Friend', 'Talks', 'active'),
(83, 15, ' Andrea had a ________ in her hair yesterday.', 'nice yellow bow', ' yellow nice bow', 'bow nice yellow', 'yellow bow nice', 'nice yellow bow', 'active'),
(84, 15, ' She lost a ________ .', 'small white cat', 'cat small white', 'white small cat', 'small cat white', 'small white cat', 'active'),
(85, 15, 'I bought ________ oranges.', 'great some big', 'big great some', ' some great big', 'big some great', 'great some big', 'active'),
(86, 15, 'We met ________ people at the conference.', 'very smart two', 'two very smart', ' very two smart', 'too smart very', ' very two smart', 'active'),
(87, 15, 'The clown was wearing a ________ hat.', 'big green-yellow', 'big green and yellow', ' yellow and green big', 'big yellow and green', 'big green-yellow', 'active'),
(88, 15, ' The cookies that you ________ .', ' smell delicious baked', 'baked smell delicious', 'delicious smell baked', ' baked delicious smell', 'baked smell delicious', 'active'),
(89, 15, ' Is it ________ ?', ' cold getting outside', ' getting cold outside', 'getting outside cold', ' cold outside getting', ' getting cold outside', 'active'),
(90, 15, ' The course you are ________ .', 'taking sounds interesting', 'sounds interesting taking', 'interesting sounds taking', ' taking interesting sound', 'taking sounds interesting', 'active'),
(91, 15, ' My uncle wore a ________ to the wedding.', ' silk blue tie', 'tie blue silk', 'tie blue silk', ' tie silk blue', 'tie blue silk', 'active'),
(92, 15, ' Have you met that _____ next door?', 'cute boy new', 'cute new boy', ' new boy cute', 'new cute boy', 'new cute boy', 'active'),
(93, 8, ' What word does NOT rhyme with \"match\"?', 'batch', 'latch', 'catch', 'lunch', 'lunch', 'active'),
(94, 8, 'Choose the word that best completes the rhyme. The _________ in the dish', 'frog', 'fish', 'milk', 'water', 'fish', 'active'),
(133, 16, ' Which word BEST completes the sentence below? Toby _______ a horse around the farm.', 'road', ' rode', 'raid', 'ride', 'ride', 'active'),
(134, 16, ' Choose the word that is different', ' doctor', ' lawyer', ' teacher', ' summer', ' summer', 'active'),
(135, 16, ' If your teacher tells you to rewrite something, you', 'write it again.', 'write it for the first time.', 'erase it.', 'erase it.', 'write it again.', 'active'),
(136, 16, ' Someone who is joyful is', ' without joy.', 'full of joy.', 'joyless.', 'a little happy.', 'full of joy.', 'active'),
(137, 16, ' When something is not fair, it is', ' fairest.', ' fairer.', ' refair.', 'unfair.', 'unfair.', 'active'),
(138, 16, 'When you are upset about something, you are...', 'happy', 'unhappy', ' happiest', 'unangry', 'unhappy', 'active'),
(139, 16, 'When you want to watch something again you ______ it', 'unwatch', 'watchless', 'rewatch', 'watched', 'rewatch', 'active'),
(140, 16, ' Ken filled his cup with too much milk and it', 'overflowed', ' reflowed', ' underflowed', ' underflowed', 'overflowed', 'active'),
(141, 16, ' Which word SOUNDS the same as too?', 'two', 'tune', ' tool', 'all', 'two', 'active'),
(142, 16, 'Choose the word that is different.', ' kitchen', 'bathroom', 'shelf', ' hall', 'shelf', 'active'),
(143, 17, 'Which word means the OPPOSITE of the word \"lost\" in the sentence below? Paige lost her favorite stuffed animal.', ' dropped', ' found', ' hugged', ' heard', ' found', 'active'),
(145, 17, 'Which word means the OPPOSITE of the word \"soft\" in the sentence below?', 'The rain made the ground very soft.', 'hard', 'warm', ' cold', 'The rain made the ground very soft.', 'active'),
(146, 17, 'What is the opposite of go?', 'went', 'come', 'stop', ' came', 'stop', 'active'),
(147, 17, 'Which word means the OPPOSITE of the word \"far\" in the sentence below? My grandma lives far away from me.', ' before', ' over', 'near', ' under', 'near', 'active'),
(148, 17, ' Which word is the opposite of fast?', 'quick', 'quick', ' slow', 'warm.', ' slow', 'active'),
(149, 17, ' Select the SYNONYM for shout', 'yell', 'write', 'write', 'whisper', 'yell', 'active'),
(150, 17, ' select the SYNONYM for correct', 'test', ' right', ' hide', 'wrong', 'wrong', 'active'),
(151, 17, ' select a SYNONYM for hurry?', 'rush', 'challenging', 'damage', ' hold', 'rush', 'active'),
(152, 17, ' select an ANTONYM for hot?', 'cold', ' steamy', ' boiling', 'warm', 'cold', 'active'),
(153, 17, ' select an ANTONYM for tired?', 'sleepy', 'bored', 'awake', ' bored', 'awake', 'active'),
(154, 18, ' What are the 2 nouns in the following sentence: Trees can grow to be very tall plants.', ' grow & tall very', ' grow & plants', ' very & tall ', ' trees & plants', ' trees & plants', 'active'),
(155, 18, ' What is an example of a plural noun?', 'cats', 'Cast', 'shoe', 'game', 'cats', 'active'),
(156, 18, ' Which sentence has a singular noun?', ' The dogs played together.', ' The table is dirty.', 'My parents are happy. ', ' The students studied hard.', ' The table is dirty.', 'active'),
(157, 18, 'Which sentence has a plural noun?', 'I have twenty Pokemon cards. ', ' I want to eat a piece of cake.', 'My room is messy. ', 'My room is messy. ', 'I have twenty Pokemon cards. ', 'active'),
(158, 18, ' Which sentence uses the nouns correctly.', ' Dolphin can swim faster than shark.', 'Dolphins can swim faster than sharks. ', ' Dolphins can swim faster than shark. ', ' Dolphin can swim faster than sharks.', 'Dolphins can swim faster than sharks. ', 'active'),
(159, 18, ' Which sentence uses the nouns correctly..', 'Dogs can dig big holes in the grounds.', ' Dog can dig big holes in the grounds. ', 'Dog can dig big holes in the ground.', ' Dogs can dig big holes in the ground.', ' Dogs can dig big holes in the ground.', 'active'),
(160, 18, ' What does a plural noun represent?', 'more than 1 ', '1 thing', 'yes', 'none of the above', 'more than 1 ', 'active'),
(161, 18, 'What does a singular noun represent?', 'more than 1 ', '1 thing', 'no', 'none of the above', '1 thing', 'active'),
(162, 18, 'Select all the plural nouns', 'list', 'friends ', 'shoes', 'B and C', 'B and C', 'active'),
(163, 18, 'Select all the singular nouns', 'flower', 'pencil', 'books', 'A and B', 'A and B', 'active'),
(164, 20, 'He is a teacher._________name is Mr. Phillips.', ' His', 'Its', 'Her', 'Your', ' His', 'active'),
(165, 20, 'You are my classmate.______class is in room 210.', ' His', 'Her', 'Our', ' Its', 'Our', 'active'),
(166, 20, 'My friends call me Jojo.______is my nickname.', ' Him', ' It', ' are', 'her', ' It', 'active'),
(167, 20, 'Mr. Clancy signed____book for me.', ' his', ' her', 'she', 'he', ' his', 'active'),
(171, 19, 'Mary has a sister named Donna. Donna is __ sister.', ' Maryss', ' Mary with s', ' Mary without s', ' Mary only', ' Mary with s', 'active'),
(172, 19, 'John has a book. It is __ book.', 'Johnss', 'John with s', 'John without s', 'John only', 'John without s', 'active'),
(173, 19, 'I borrowed a dictionary from Mr. Smith. It is __ dictionary.', ' Mr. Smithss', ' Mr. Smith with s', ' Mr. Smith without s', ' Mr. Smith only', ' Mr. Smith with s', 'active'),
(174, 19, 'A boy has a new toy. The __ toy is a Tonka truck.', ' boyss', ' boy with s', ' boy without s', ' boy only', ' boy with s', 'active'),
(175, 19, 'This computer has a bad mouse. The __ mouse needs new batteries.', 'computerss', 'computer with s', 'computer without s', 'computer only', 'computer without s', 'active'),
(176, 19, 'The girls have new phones. The __ phones are made by HTC.', ' girlss', ' girl with s', ' girl without s', ' girl only', ' girl with s', 'active'),
(177, 19, 'Missy made a new friend yesterday. __ friend is from Australia.', ' Missyss', ' Missy with s', ' Missy without s', ' Missy only', ' Missy with s', 'active'),
(178, 19, 'There is one teacher in the new office. The __ office is #207.', 'teacherss', 'teacher with s', 'teacher without s', 'teacher only', 'teacher with s', 'active'),
(179, 19, 'There are four teachers in another office. The __ office is #311.', 'teacherss', 'teacher with s', 'teacher without s', 'teacher only', 'teacher with s', 'active'),
(180, 19, 'The children have new clothes. The __ clothes are very colorful.', 'childrenss', 'children with s', 'children without s', 'children only', 'children with s', 'active'),
(181, 20, 'A red car zoomed by. What pronoun can replace the red car?', 'It', 'They', 'She', 'He', 'It', 'active'),
(182, 20, 'Kim and Alex read that book. What pronoun can replace Kim and Alex?', 'She', 'He', 'It', 'They', 'They', 'active'),
(183, 20, 'Mom and dad went out for dinner. What pronoun can replace mom and dad?', 'He', ' She', ' It', 'They', 'They', 'active'),
(184, 20, '______ have one sister and one brother.', 'She', ' I', 'Her', 'Her', ' I', 'active'),
(185, 20, 'Thomas is my brother. ______ is twenty.', 'He', 'She', ' Her', 'Him', 'He', 'active'),
(186, 20, 'Betty is my sister. ______is thirty-three.', 'He', ' She', 'Her', ' Him', ' She', 'active'),
(187, 21, 'Which letters BEST complete the word below? spar ________', ' kle', ' klee', ' kele', 'kel', ' kle', 'active'),
(188, 21, 'Which letters BEST completes the word below? gig ______', 'lle', 'gle', ' mle', 'lel', 'gle', 'active'),
(189, 21, 'Which letters BEST complete the word below? han ________ ', ' dle', 'dlee', 'ple', 'del', ' dle', 'active'),
(190, 21, 'The chick needs its parents.', 'your', ' you', 'young', 'youre', 'young', 'active'),
(191, 21, 'We are how to fly a kite. laughing', 'listening', ' learning', ' Yearning', 'none of the above', ' learning', 'active'),
(192, 21, 'Phil is six ______ old.', ' yarn', ' years', ' yellow', ' yellow', ' years', 'active'),
(193, 21, '. You have to wait _________ supper is over to play games', ' until', ' under', 'upper', ' down', ' until', 'active'),
(194, 21, ' What does the word \"retell\" mean in the sentence below? Can you retell the story we read?', 'tell better', 'tell again', 'tell after', 'tell after', 'tell again', 'active'),
(195, 21, 'What does the word \"right\" mean in the sentence below? Ray put the right answer on his homework.', ' opposite of left', 'correct', 'wrong', ' none of the above', 'correct', 'active'),
(196, 21, 'Which might make you \"giggle\"?', ' Getting tickled by a feather', ' Eating a meatball hero', ' Eating a meatball hero', ' Eating a meatball hero', ' Getting tickled by a feather', 'active'),
(197, 22, ' What is the opposite of loud?', ' quiet', ' noisy', 'play', 'Run', ' quiet', 'active'),
(199, 22, ' What is the opposite of big?', ' large', ' cold', 'small', 'hot', 'small', 'active'),
(200, 22, ' Which word means the OPPOSITE of the word always? I always go to bed early.', ' there', ' never', 'like', 'not', ' never', 'active'),
(201, 22, 'Which word means the OPPOSITE of the word big? That dog is very big.', 'small', 'large', ' loud', 'quiet', 'small', 'active'),
(202, 22, ' Which word is the OPPOSITE of the word good? I am having a good day.', ' bad', 'glad', ' yes', 'no', ' bad', 'active'),
(203, 22, 'Which word means the OPPOSITE of the word mad? He is mad at his mom.', 'sad', 'happy', 'small', 'big', 'happy', 'active'),
(204, 22, 'Which word means the OPPOSITE of the word her? I will give the gift to her.', 'girl', ' cat', ' cat', ' dog', 'girl', 'active'),
(205, 22, ' The opposite of moist is ______.', 'damp', 'muggy', 'dry', ' cloudy', 'dry', 'active'),
(206, 22, ' Positive means __________.', 'pleasing to look at', 'to express consent or approval', 'very large', ' having great value', 'pleasing to look at', 'active'),
(207, 22, 'pleasing to look at', ' Hot', 'On', ' Close', 'Open', 'On', 'active'),
(211, 23, ' Choose the incorrect response.', 'person - people', ' lady - ladies', 'man - men', ' photo  photos', 'man - men', 'active'),
(212, 23, ' Which one is different?', 'class', 'match', ' foot', 'box', ' foot', 'active'),
(213, 23, ' Choose the noun that is always singular.', ' furniture', 'knife', 'baby', 'tooth', 'baby', 'active'),
(214, 23, ' Choose the irregular plural.', ' wives', ' mice', 'shelves', ' books', ' mice', 'active'),
(215, 23, 'Choose the incorrect response.', 'shoe - shoes', 'police - polices', ' person - people', 'child  children', 'police - polices', 'active'),
(216, 23, ' Choose the noun that is not always singular.', 'advice', ' money', 'fox', 'homework', 'advice', 'active'),
(217, 23, ' \"We use singular verb forms with mass nouns.\" Choose the incorrect sentence according to this rule.', 'Sugar is bad your teeth.', ' The tea was hot enough to drink.', ' The tea was hot enough to drink.', ' The bread is stale.', 'Sugar is bad your teeth.', 'active'),
(221, 23, ' \"We use plural verb forms with the nouns referring two objects that consist of two parts.\" Choose the incorrect sentence according to this rule.', 'My dads new binoculars are fantastic!', ' His glasses are broken.', ' Your pyjamas are on the bed.', 'Where is my new shoes?', 'My dads new binoculars are fantastic!', 'active'),
(222, 23, ' \"We use singular verb forms with school subjects.\" Choose the incorrect sentence according to this rule.', 'History is my favourite subject.', 'Pysics are difficult to understand', 'Maths isnt my favourite subject.', ' Geograpy informs us about nature', 'Pysics are difficult to understand', 'active'),
(223, 23, ' \"We use singular verb forms with games.\" Choose the correct sentence according to this rule.', 'Billiards are my favourite game.', ' Darts is an enjoyable game.', 'Dominoes are played with two to four people.', 'Football are a very popular sport.', ' Darts is an enjoyable game.', 'active'),
(224, 24, '\"I have one brother and my --- birthday is next week.\" Which possessive noun best fills  the gap?', ' Brother with s', ' Brother only', 'brother without s', 'none of the above', ' Brother with s', 'active'),
(225, 24, ' \"I have two brothers and my --- birthdays are in November and December.\" Which  possessive noun best fills the gap?', 'Brother only', 'Brother with s', 'Brothers with s', 'Brother without s', 'Brother with s', 'active'),
(226, 24, ' \"Both the --- studs came off.\" Which possessive noun best fills the gap?', 'Boots', ' Boot without s', ' Boots with s', 'none of the above', 'Boots', 'active'),
(227, 24, '\"The colour of the --- tie is red.\" Which possessive noun best fills the gap?', 'Men', 'Men without s', 'Men with s', 'none of the above', 'Men with s', 'active'),
(228, 24, '\"The --- ties are red.\" Which possessive noun best fills the gap?', 'men with s', 'men only ', 'Man only', 'Man with s', 'men with s', 'active'),
(229, 24, 'Find the option with the correct possessive noun. The skates belong to Amy.', 'Amys skates', 'Amy with s skates', 'Amy skates', 'Amy skates', 'Amy with s skates', 'active'),
(230, 24, 'A noun is _____.', 'A descriptive word, such as big, small or pretty.', 'An action word, such as jump, trot or gallop.', ' A person, place, thing or idea, such as families, carrots or snails.', ' A joining word, such as but, and or because.', ' A person, place, thing or idea, such as families, carrots or snails.', 'active'),
(231, 24, ' A person, place, thing or idea, such as families, carrots or snails.', ' My friends hat', ' The hat of my friend', ' The hat of my friend', ' My friends hats', ' My friends hat', 'active'),
(232, 24, ' That car belongs to my friend. Its my ___ car.', 'friend with s', 'friend without s', 'friend only', 'none of the above', 'friend with s', 'active'),
(233, 24, ' That dog belongs to the family next door.  Its my ___ dog.', ' neighbor with s', ' neighbor without s', ' neighbor only ', 'none of the above', ' neighbor with s', 'active'),
(234, 25, ' Replace the underlined noun with the correct pronoun. Mary walked home after school.', ' He', ' She', 'Us', ' It', ' She', 'active'),
(235, 25, ' Replace the underlined noun with the correct pronoun. Jason asked to try out for the team.', 'He', 'I', 'You', 'They', 'He', 'active'),
(236, 25, 'Replace the underlined noun with the correct pronoun. A puppy was playing outside.', 'He', 'They', 'I', 'It', 'He', 'active'),
(237, 25, 'Which word is NOT a pronoun?', 'she', 'she', 'he', 'it', 'she', 'active'),
(238, 25, 'Dan had to go for a walk with his parents.', 'she', 'He', 'It', 'You', 'He', 'active'),
(239, 25, 'Carlos plays the piano ____ is part of the schools band.', 'He', 'She', 'It', 'They', 'He', 'active'),
(240, 25, 'My car is dirty. _____ needs to be washed.', 'He', ' you', ' she', 'it', 'it', 'active'),
(241, 25, 'Sara loves chocolate cookies. _____ eats one daily.', 'she', 'you', 'it', 'they', 'she', 'active'),
(242, 25, 'My father helped me with my homework. _____ is a very intelligent man.', 'it ', 'you', 'he', 'she', 'he', 'active'),
(243, 25, 'My phone fell and broke. _____ is not working anymore.', 'we', 'you', 'he', 'it', 'it', 'active');

-- --------------------------------------------------------

--
-- Table structure for table `exam_tbl`
--

CREATE TABLE `exam_tbl` (
  `ex_id` int(11) NOT NULL,
  `cou_id` int(11) NOT NULL,
  `ex_title` varchar(1000) NOT NULL,
  `ex_time_limit` varchar(1000) NOT NULL,
  `ex_questlimit_display` int(11) NOT NULL,
  `ex_description` varchar(1000) NOT NULL,
  `ex_created` timestamp NOT NULL DEFAULT current_timestamp() ON UPDATE current_timestamp()
) ENGINE=InnoDB DEFAULT CHARSET=latin1;

--
-- Dumping data for table `exam_tbl`
--

INSERT INTO `exam_tbl` (`ex_id`, `cou_id`, `ex_title`, `ex_time_limit`, `ex_questlimit_display`, `ex_description`, `ex_created`) VALUES
(8, 67, 'ENGLISH-PRE-TEST-1', '10', 10, 'DIRECTIONS: Choose the best answer.', '2021-12-06 17:21:09'),
(9, 67, 'ENGLISH-PRE-TEST-2', '10', 10, 'DIRECTIONS: Choose the letter of the correct answer.', '2021-12-06 17:20:46'),
(10, 67, 'ENGLISH-PRE-TEST-3', '10', 10, 'DIRECTIONS: Listen as your guardian read the sentence. Choose the action word. Write your  answer in the space below.', '2021-12-06 16:42:18'),
(11, 67, 'ENGLISH-PRE-TEST-4', '10', 10, 'DIRECTIONS: Choose the best adjective to fill in the blank.', '2021-12-06 17:20:58'),
(12, 87, 'ENGLISH-POST-TEST-1', '10', 10, ' DIRECTIONS: Choose the best Answer.', '2021-12-10 14:36:52'),
(13, 87, 'ENGLISH-POST-TEST-2', '10', 10, ' DIRECTIONS: Choose the best Answer.', '2021-12-10 14:36:44'),
(14, 87, 'ENGLISH-POST-TEST-3', '10', 10, ' DIRECTIONS: Choose the best Answer.', '2021-12-10 14:36:37'),
(15, 87, 'ENGLISH-POST-TEST-4', '10', 10, ' DIRECTIONS: Choose the best Answer.', '2021-12-10 14:36:27'),
(16, 88, 'ENGLISH-2-PRE-TEST-1', '10', 10, 'DIRECTIONS: Choose the best answers.', '2021-12-13 13:57:27'),
(17, 88, 'ENGLISH-2-PRE-TEST-2', '10', 10, 'DIRECTIONS: Choose the best answers for every questions.', '2021-12-13 14:05:10'),
(18, 88, 'ENGLISH-2-PRE-TEST-3', '10', 10, 'DIRECTIONS: Singular and Plural Nouns', '2021-12-13 14:28:41'),
(19, 88, 'ENGLISH-2-PRE-TEST-4', '10', 10, 'DIRECTIONS: Choose the best answer to fill in the blank..', '2021-12-13 15:57:34'),
(20, 88, 'ENGLISH-2-PRE-TEST-5', '10', 10, 'DIRECTIONS: Choose the best answer for every question in each number.', '2021-12-13 15:00:35'),
(21, 89, 'ENGLISH-2-POST-TEST-1', '10', 10, 'DIRECTIONS: Choose the best answer for the following vocabulary questions.', '2021-12-15 14:30:20'),
(22, 89, 'ENGLISH-2-POST-TEST-2', '10', 10, 'DIRECTIONS: Choose In the different Antonyms Given in each letter to answer the following questions.', '2021-12-15 14:28:07'),
(23, 89, 'ENGLISH-2-POST-TEST-3', '10', 10, 'DIRECTIONS: Choose The best Letter to answer the following questions.', '2021-12-15 14:27:50'),
(24, 89, 'ENGLISH-2-POST-TEST-4', '10', 10, 'DIRECTIONS: Choose the best Possesive nouns to answer the following questions.', '2021-12-15 14:29:59'),
(25, 89, 'ENGLISH-2-POST-TEST-5', '10', 10, 'DIRECTIONS:  In the subject Pronoun given in each choices select the best answer for each questions.', '2021-12-15 14:30:35');

-- --------------------------------------------------------

--
-- Table structure for table `feedbacks_tbl`
--

CREATE TABLE `feedbacks_tbl` (
  `fb_id` int(11) NOT NULL,
  `exmne_id` int(11) NOT NULL,
  `fb_exmne_as` varchar(1000) NOT NULL,
  `fb_feedbacks` varchar(1000) NOT NULL,
  `fb_date` varchar(1000) NOT NULL
) ENGINE=InnoDB DEFAULT CHARSET=latin1;

--
-- Dumping data for table `feedbacks_tbl`
--

INSERT INTO `feedbacks_tbl` (`fb_id`, `exmne_id`, `fb_exmne_as`, `fb_feedbacks`, `fb_date`) VALUES
(4, 32, 'Anonymous', 'Its too hard!', 'December 15, 2021'),
(5, 32, 'Daniel Adona', 'I got 100%!', 'December 15, 2021'),
(6, 15, 'MARK ROSARIO', 'Can I have additional video tutorial about the lesson today?', 'December 15, 2021'),
(7, 7, 'GERYK REYES', 'I can watch and learn at the same time ', 'December 15, 2021'),
(8, 8, 'DYLAN SANTOS', 'The Videos uploaded help me understand the lesson better.', 'December 15, 2021'),
(9, 9, 'ANDREW TEMPROSA', 'Now I can say learning is  so much fun now.', 'December 15, 2021'),
(10, 19, 'ANGELA MENDOZA', 'Im happy they came up with this to help our study and for us to improve even more.', 'December 15, 2021'),
(11, 33, 'Anonymous', 'thank you ', 'December 20, 2021'),
(12, 33, 'marco', 'thank you', 'December 20, 2021'),
(13, 34, 'Anonymous', 'good keep it up', 'January 02, 2022'),
(14, 34, 'Anonymous', 'hi thank you for the wisdom', 'January 10, 2022');

-- --------------------------------------------------------

--
-- Table structure for table `videos`
--

CREATE TABLE `videos` (
  `id` int(11) NOT NULL,
  `name` varchar(255) NOT NULL,
  `location` varchar(255) NOT NULL
) ENGINE=InnoDB DEFAULT CHARSET=utf8;

--
-- Dumping data for table `videos`
--

INSERT INTO `videos` (`id`, `name`, `location`) VALUES
(9, 'ENGLISH-1-VIDEO-TUTORIAL-LESSON-1-WEEK-1.mp4', '../video/ENGLISH-1-VIDEO-TUTORIAL-LESSON-1-WEEK-1.mp4'),
(10, 'ENGLISH-1-VIDEO-TUTORIAL-LESSON-2-WEEK-2.mp4', '../video/ENGLISH-1-VIDEO-TUTORIAL-LESSON-2-WEEK-2.mp4'),
(11, 'ENGLISH-1-VIDEO-TUTORIAL-LESSON-3-WEEK-3.mp4', '../video/ENGLISH-1-VIDEO-TUTORIAL-LESSON-3-WEEK-3.mp4'),
(12, 'ENGLISH-1-VIDEO-TUTORIAL-LESSON4-WEEK-4.mp4', '../video/ENGLISH-1-VIDEO-TUTORIAL-LESSON4-WEEK-4.mp4'),
(13, 'ENGLISH-2-VIDEO-TUTORIAL-LESSON-1.mp4', '../video/ENGLISH-2-VIDEO-TUTORIAL-LESSON-1.mp4'),
(14, 'ENGLISH-2-VIDEO-TUTORIAL-LESSON-2.mp4', '../video/ENGLISH-2-VIDEO-TUTORIAL-LESSON-2.mp4'),
(15, 'ENGLISh-2-VIDEO-TUTORIAL-LESSON-3.mp4', '../video/ENGLISh-2-VIDEO-TUTORIAL-LESSON-3.mp4'),
(16, 'ENGLISH-2-VIDEO-TUTORIAL-LESSON-4.mp4', '../video/ENGLISH-2-VIDEO-TUTORIAL-LESSON-4.mp4'),
(17, 'ENGLISH-2-VIDEO-TUTORIAL-LESSON-5.mp4', '../video/ENGLISH-2-VIDEO-TUTORIAL-LESSON-5.mp4');

--
-- Indexes for dumped tables
--

--
-- Indexes for table `admin_acc`
--
ALTER TABLE `admin_acc`
  ADD PRIMARY KEY (`admin_id`);

--
-- Indexes for table `course_tbl`
--
ALTER TABLE `course_tbl`
  ADD PRIMARY KEY (`cou_id`);

--
-- Indexes for table `examinee_tbl`
--
ALTER TABLE `examinee_tbl`
  ADD PRIMARY KEY (`exmne_id`);

--
-- Indexes for table `exam_answers`
--
ALTER TABLE `exam_answers`
  ADD PRIMARY KEY (`exans_id`);

--
-- Indexes for table `exam_attempt`
--
ALTER TABLE `exam_attempt`
  ADD PRIMARY KEY (`examat_id`);

--
-- Indexes for table `exam_question_tbl`
--
ALTER TABLE `exam_question_tbl`
  ADD PRIMARY KEY (`eqt_id`);

--
-- Indexes for table `exam_tbl`
--
ALTER TABLE `exam_tbl`
  ADD PRIMARY KEY (`ex_id`);

--
-- Indexes for table `feedbacks_tbl`
--
ALTER TABLE `feedbacks_tbl`
  ADD PRIMARY KEY (`fb_id`);

--
-- Indexes for table `videos`
--
ALTER TABLE `videos`
  ADD PRIMARY KEY (`id`);

--
-- AUTO_INCREMENT for dumped tables
--

--
-- AUTO_INCREMENT for table `admin_acc`
--
ALTER TABLE `admin_acc`
  MODIFY `admin_id` int(11) NOT NULL AUTO_INCREMENT, AUTO_INCREMENT=2;

--
-- AUTO_INCREMENT for table `course_tbl`
--
ALTER TABLE `course_tbl`
  MODIFY `cou_id` int(11) NOT NULL AUTO_INCREMENT, AUTO_INCREMENT=95;

--
-- AUTO_INCREMENT for table `examinee_tbl`
--
ALTER TABLE `examinee_tbl`
  MODIFY `exmne_id` int(11) NOT NULL AUTO_INCREMENT, AUTO_INCREMENT=35;

--
-- AUTO_INCREMENT for table `exam_answers`
--
ALTER TABLE `exam_answers`
  MODIFY `exans_id` int(11) NOT NULL AUTO_INCREMENT, AUTO_INCREMENT=576;

--
-- AUTO_INCREMENT for table `exam_attempt`
--
ALTER TABLE `exam_attempt`
  MODIFY `examat_id` int(11) NOT NULL AUTO_INCREMENT, AUTO_INCREMENT=121;

--
-- AUTO_INCREMENT for table `exam_question_tbl`
--
ALTER TABLE `exam_question_tbl`
  MODIFY `eqt_id` int(30) NOT NULL AUTO_INCREMENT, AUTO_INCREMENT=272;

--
-- AUTO_INCREMENT for table `exam_tbl`
--
ALTER TABLE `exam_tbl`
  MODIFY `ex_id` int(11) NOT NULL AUTO_INCREMENT, AUTO_INCREMENT=29;

--
-- AUTO_INCREMENT for table `feedbacks_tbl`
--
ALTER TABLE `feedbacks_tbl`
  MODIFY `fb_id` int(11) NOT NULL AUTO_INCREMENT, AUTO_INCREMENT=15;

--
-- AUTO_INCREMENT for table `videos`
--
ALTER TABLE `videos`
  MODIFY `id` int(11) NOT NULL AUTO_INCREMENT, AUTO_INCREMENT=20;
COMMIT;

/*!40101 SET CHARACTER_SET_CLIENT=@OLD_CHARACTER_SET_CLIENT */;
/*!40101 SET CHARACTER_SET_RESULTS=@OLD_CHARACTER_SET_RESULTS */;
/*!40101 SET COLLATION_CONNECTION=@OLD_COLLATION_CONNECTION */;
